Workbook

Sheet Data
A1: date | B1: stock | C1: monthly return [%]
A2: 41821 | B2: AMZN | C2: 8.322956 | F2: Column Labels
A3: 41852 | B3: AMZN | C3: -4.8961794 | E3: Values | F3: AMZN | G3: HD | H3: WMT
A4: 41883 | B4: AMZN | C4: -5.2660994 | E4: Expected (or average) return | F4: 3.2301825 | G4: 2.0356607 | H4: 1.0806514
A5: 41913 | B5: AMZN | C5: 10.862314 | E5: Risk (std. dev. of return) | F5: 8.3996434 | G5: 5.2612649 | H5: 5.3832601
A6: 41944 | B6: AMZN | C6: -8.3540065
A7: 41974 | B7: AMZN | C7: 14.235538 | E7: Correlation matrix | F7: AMZN | G7: HD | H7: WMT
A8: 42005 | B8: AMZN | C8: 7.2292909 | E8: AMZN | F8: =CORREL($C$2:$C$62,$C$2:$C$62) -> 1 | G8: =F9 -> 0.41635225 | H8: =F10 -> 0.10958429
A9: 42036 | B9: AMZN | C9: -2.1201594 | E9: HD | F9: =CORREL($C$63:$C$123,$C$2:$C$62) -> 0.41635225 | G9: =CORREL($C$63:$C$123,$C$63:$C$123) -> 1 | H9: =G10 -> 0.18536279
A10: 42064 | B10: AMZN | C10: 13.351248 | E10: WMT | F10: =CORREL($C$124:$C$184,$C$2:$C$62) -> 0.10958429 | G10: =CORREL($C$124:$C$184,$C$63:$C$123) -> 0.18536279 | H10: =CORREL($C$124:$C$184,$C$124:$C$184) -> 1
A11: 42095 | B11: AMZN | C11: 1.7663265
A12: 42125 | B12: AMZN | C12: 1.1322566 | E12: Covariance matrix | F12: AMZN | G12: HD | H12: WMT
A13: 42156 | B13: AMZN | C13: 23.51126 | E13: AMZN | F13: =_xlfn.COVARIANCE.P($C$2:$C$62,$C$2:$C$62) -> 70.554009 | G13: =F14 -> 18.39975 | H13: =F15 -> 4.955124
A14: 42186 | B14: AMZN | C14: -4.3383396 | E14: HD | F14: =_xlfn.COVARIANCE.P($C$63:$C$123,$C$2:$C$62) -> 18.39975 | G14: =_xlfn.COVARIANCE.P($C$63:$C$123,$C$63:$C$123) -> 27.680909 | H14: =G15 -> 5.2499854
A15: 42217 | B15: AMZN | C15: -0.19497358 | E15: WMT | F15: =_xlfn.COVARIANCE.P($C$124:$C$184,$C$2:$C$62) -> 4.955124 | G15: =_xlfn.COVARIANCE.P($C$124:$C$184,$C$63:$C$123) -> 5.2499854 | H15: =_xlfn.COVARIANCE.P($C$124:$C$184,$C$124:$C$184) -> 28.979489
A16: 42248 | B16: AMZN | C16: 22.272364
A17: 42278 | B17: AMZN | C17: 6.2150443
A18: 42309 | B18: AMZN | C18: 1.668175
A19: 42339 | B19: AMZN | C19: -13.15155
A20: 42370 | B20: AMZN | C20: -5.8739319
A21: 42401 | B21: AMZN | C21: 7.4422634
A22: 42430 | B22: AMZN | C22: 11.109428
A23: 42461 | B23: AMZN | C23: 9.581702
A24: 42491 | B24: AMZN | C24: -0.99198705
A25: 42522 | B25: AMZN | C25: 6.0353265
A26: 42552 | B26: AMZN | C26: 1.3639745
A27: 42583 | B27: AMZN | C27: 8.8603187
... A184: 43647 | B184: WMT | C184: 3.5151345

Sheet Model A
A1: Portfolio Optimization Model A - Minimize risk subject to return constraint
A3: DATA | C3: AMZN | D3: HD | E3: WMT
B4: Expected monthly returns [%] | C4: =GETPIVOTDATA("Expected (or average) return",Data!$E$2,"stock","AMZN") -> 3.2301825 | D4: =GETPIVOTDATA("Expected (or average) return",Data!$E$2,"stock","HD") -> 2.0356607 | E4: =GETPIVOTDATA("Expected (or average) return",Data!$E$2,"stock","WMT") -> 1.0806514
B6: Covariance matrix | C6: AMZN | D6: HD | E6: WMT
B7: AMZN | C7: =Data!F13 -> 70.554009 | D7: =Data!G13 -> 18.39975 | E7: =Data!H13 -> 4.955124
B8: HD | C8: =Data!F14 -> 18.39975 | D8: =Data!G14 -> 27.680909 | E8: =Data!H14 -> 5.2499854
B9: WMT | C9: =Data!F15 -> 4.955124 | D9: =Data!G15 -> 5.2499854 | E9: =Data!H15 -> 28.979489
B11: Minimum expected return [%] | C11: 2
A13: DECISIONS VARIABLES | C13: AMZN | D13: HD | E13: WMT
B14: Portfolio weights | C14: =1/3 -> 0.33333333 | D14: =1/3 -> 0.33333333 | E14: =1/3 -> 0.33333333
A16: OBJECTIVE FUNCTION | B16: Portfolio risk | C16: =SQRT((C14^2)*C7+(D14^2)*D8+(E14^2)*E9+2*C14*D14*D7+2*C14*E14*E7+2*D14*E14*E8) -> 4.5267615 | D16: minimize
A18: CONSTRAINTS | C18: LHS | E18: RHS
B19: (budget / invest all) | C19: =SUM(C14:E14) -> 1 | D19: == | E19: 1
B20: (Portfolio expected return) | C20: =SUMPRODUCT(C4:E4,C14:E14) -> 2.1154982 | D20: >= | E20: =C11 -> 2
B21: (nonnegativity)

Sheet Model B
A1: Portfolio Optimization Model B - Maximize return subject to risk constraint
A3: DATA | C3: AMZN | D3: HD | E3: WMT
B4: Expected monthly returns [%] | C4: =GETPIVOTDATA("Expected (or average) return",Data!$E$2,"stock","AMZN") -> 3.2301825 | D4: =GETPIVOTDATA("Expected (or average) return",Data!$E$2,"stock","HD") -> 2.0356607 | E4: =GETPIVOTDATA("Expected (or average) return",Data!$E$2,"stock","WMT") -> 1.0806514
B6: Covariance Matrix | C6: AMZN | D6: HD | E6: WMT
B7: AMZN | C7: =Data!F13 -> 70.554009 | D7: =Data!G13 -> 18.39975 | E7: =Data!H13 -> 4.955124
B8: HD | C8: =Data!F14 -> 18.39975 | D8: =Data!G14 -> 27.680909 | E8: =Data!H14 -> 5.2499854
B9: WMT | C9: =Data!F15 -> 4.955124 | D9: =Data!G15 -> 5.2499854 | E9: =Data!H15 -> 28.979489
B11: Maximum allowable risk [%] | C11: 5
A13: DECISIONS VARIABLES | C13: AMZN | D13: HD | E13: WMT
B14: Portfolio weights | C14: =1/3 -> 0.33333333 | D14: =1/3 -> 0.33333333 | E14: =1/3 -> 0.33333333
A16: OBJECTIVE FUNCTION | B16: Portfolio expected return | C16: =SUMPRODUCT(C4:E4,C14:E14) -> 2.1154982 | D16: maximize
A18: CONSTRAINTS | C18: LHS | E18: RHS
B19: (budget / invest all) | C19: =SUM(C14:E14) -> 1 | D19: == | E19: 1
B20: (Portfolio risk) | C20: =SQRT((C14^2)*C7+(D14^2)*D8+(E14^2)*E9+2*C14*D14*D7+2*C14*E14*E7+2*D14*E14*E8) -> 4.5267615 | D20: <= | E20: =C11 -> 5
B21: (nonnegativity)
