Workbook

Sheet Data
A1: Observation, i | B1: Independent variable, x | C1: Dependent variable, y
A2: 1 | B2: 0 | C2: 6.5333327
A3: 2 | B3: 0.08 | C3: 4.9106618
A4: 3 | B4: 0.16 | C4: 3.9584979
A5: 4 | B5: 0.24 | C5: 3.5636423
A6: 5 | B6: 0.32 | C6: 4.8153252
A7: 6 | B7: 0.4 | C7: 3.6404653
A8: 7 | B8: 0.48 | C8: 3.2500211
A9: 8 | B9: 0.56 | C9: 3.2799784
A10: 9 | B10: 0.64 | C10: 3.0820394
A11: 10 | B11: 0.72 | C11: 3.073918
A12: 11 | B12: 0.8 | C12: 6.3336236
A13: 12 | B13: 0.88 | C13: 6.4591739
... A51: 50 | B51: 3.92 | C51: 11.787061

Sheet Model - s-curve
A1: CURVE-FITTING OPTIMIZATION MODEL
A3: Parameters | B3: Data sample (see below)
A5: Decision variables | B5: min value, a | C5: 0
B6: max value, b | C6: 10
B7: location paramater, µ | C7: 1
B8: shape paramater, s | C8: 1
A10: Objective function | B10: Objective function | C10: =SUM(G17:G66) -> 113.53662
A12: Constraints | B12: None (other than non-negativity)
A14: CALCULATIONS
B15: Observation | C15: Data | E15: Model Prediction | F15: Error | G15: Squared Error
B16: i | C16: x_i | D16: y_i
B17: =Data!A2 -> 1 | C17: =Data!B2 -> 0 | D17: =Data!C2 -> 6.5333327 | E17: =$C$5+($C$6-$C$5)*EXP((C17-$C$7)/$C$8)/(1+EXP((C17-$C$7)/$C$8)) -> 2.6894142 | F17: =E17-D17 -> -3.8439185 | G17: =F17^2 -> 14.775709
B18: =Data!A3 -> 2 | C18: =Data!B3 -> 0.08 | D18: =Data!C3 -> 4.9106618 | E18: =$C$5+($C$6-$C$5)*EXP((C18-$C$7)/$C$8)/(1+EXP((C18-$C$7)/$C$8)) -> 2.8495789 | F18: =E18-D18 -> -2.0610828 | G18: =F18^2 -> 4.2480624
B19: =Data!A4 -> 3 | C19: =Data!B4 -> 0.16 | D19: =Data!C4 -> 3.9584979 | E19: =$C$5+($C$6-$C$5)*EXP((C19-$C$7)/$C$8)/(1+EXP((C19-$C$7)/$C$8)) -> 3.0153478 | F19: =E19-D19 -> -0.94315002 | G19: =F19^2 -> 0.88953196
B20: =Data!A5 -> 4 | C20: =Data!B5 -> 0.24 | D20: =Data!C5 -> 3.5636423 | E20: =$C$5+($C$6-$C$5)*EXP((C20-$C$7)/$C$8)/(1+EXP((C20-$C$7)/$C$8)) -> 3.1864627 | F20: =E20-D20 -> -0.37717961 | G20: =F20^2 -> 0.14226446
B21: =Data!A6 -> 5 | C21: =Data!B6 -> 0.32 | D21: =Data!C6 -> 4.8153252 | E21: =$C$5+($C$6-$C$5)*EXP((C21-$C$7)/$C$8)/(1+EXP((C21-$C$7)/$C$8)) -> 3.362613 | F21: =E21-D21 -> -1.4527121 | G21: =F21^2 -> 2.1103726
B22: =Data!A7 -> 6 | C22: =Data!B7 -> 0.4 | D22: =Data!C7 -> 3.6404653 | E22: =$C$5+($C$6-$C$5)*EXP((C22-$C$7)/$C$8)/(1+EXP((C22-$C$7)/$C$8)) -> 3.5434369 | F22: =E22-D22 -> -0.097028356 | G22: =F22^2 -> 0.0094145019
B23: =Data!A8 -> 7 | C23: =Data!B8 -> 0.48 | D23: =Data!C8 -> 3.2500211 | E23: =$C$5+($C$6-$C$5)*EXP((C23-$C$7)/$C$8)/(1+EXP((C23-$C$7)/$C$8)) -> 3.7285223 | F23: =E23-D23 -> 0.47850121 | G23: =F23^2 -> 0.22896341
B24: =Data!A9 -> 8 | C24: =Data!B9 -> 0.56 | D24: =Data!C9 -> 3.2799784 | E24: =$C$5+($C$6-$C$5)*EXP((C24-$C$7)/$C$8)/(1+EXP((C24-$C$7)/$C$8)) -> 3.9174097 | F24: =E24-D24 -> 0.63743125 | G24: =F24^2 -> 0.4063186
B25: =Data!A10 -> 9 | C25: =Data!B10 -> 0.64 | D25: =Data!C10 -> 3.0820394 | E25: =$C$5+($C$6-$C$5)*EXP((C25-$C$7)/$C$8)/(1+EXP((C25-$C$7)/$C$8)) -> 4.1095957 | F25: =E25-D25 -> 1.0275563 | G25: =F25^2 -> 1.0558719
B26: =Data!A11 -> 10 | C26: =Data!B11 -> 0.72 | D26: =Data!C11 -> 3.073918 | E26: =$C$5+($C$6-$C$5)*EXP((C26-$C$7)/$C$8)/(1+EXP((C26-$C$7)/$C$8)) -> 4.3045378 | F26: =E26-D26 -> 1.2306198 | G26: =F26^2 -> 1.514425
B27: =Data!A12 -> 11 | C27: =Data!B12 -> 0.8 | D27: =Data!C12 -> 6.3336236 | E27: =$C$5+($C$6-$C$5)*EXP((C27-$C$7)/$C$8)/(1+EXP((C27-$C$7)/$C$8)) -> 4.50166 | F27: =E27-D27 -> -1.8319636 | G27: =F27^2 -> 3.3560905
B28: =Data!A13 -> 12 | C28: =Data!B13 -> 0.88 | D28: =Data!C13 -> 6.4591739 | E28: =$C$5+($C$6-$C$5)*EXP((C28-$C$7)/$C$8)/(1+EXP((C28-$C$7)/$C$8)) -> 4.7003595 | F28: =E28-D28 -> -1.7588144 | G28: =F28^2 -> 3.093428
... B66: =Data!A51 -> 50 | C66: =Data!B51 -> 3.92 | D66: =Data!C51 -> 11.787061 | E66: =$C$5+($C$6-$C$5)*EXP((C66-$C$7)/$C$8)/(1+EXP((C66-$C$7)/$C$8)) -> 9.488263 | F66: =E66-D66 -> -2.2987983 | G66: =F66^2 -> 5.2844736
IU65531: 0
IU65533: 0
